Height(Inches),Weight(Pounds)
65.78331,112.9925
71.51521,136.4873
69.39874,153.0269
68.2166,142.3354
67.78781,144.2971
68.69784,123.3024
69.80204,141.4947
70.01472,136.4623
67.90265,112.3723
66.78236,120.6672
66.48769,127.4516
67.62333,114.143
68.30248,125.6107
67.11656,122.4618
68.27967,116.0866
71.0916,139.9975
66.461,129.5023
68.64927,142.9733
71.23033,137.9025
67.13118,124.0449
67.83379,141.2807
68.87881,143.5392
63.48115,97.90191
68.42187,129.5027
67.62804,141.8501
